FID,IS,SD-IS,step
0.7260499,1.3594272,0.02236995,0
