subject,session,label,PAD,PLD,SWD,SD-MD,step
3,session_2,Target,1.2083918317250548,0.0078125,1.474819081687762,3.2951799494298553,0
3,session_2,NonTarget,0.30428257332190256,0.2578125,0.8566581164857261,0.9265472309265912,0
