subject,session,Generated,Real,step
3,session_2,0.8948642735657504,0.9073282142246942,0
