FID,IS,SD-IS,step
0.730527,1.355926,0.027666159,0
