subject,session,label,PAD,PLD,SWD,SD-MD,step
3,session_2,Target,0.8378943842065016,0.0078125,1.3959436931216416,3.0945436590555597,0
3,session_2,NonTarget,0.27812340211319175,0.265625,0.8802947754648219,0.9770041719124432,0
