subject,session,Generated,Real,step
3,session_2,0.8822488705073164,0.9073282142246942,0
